Month/Year,License Class,Trips Per Day,Farebox Per Day,Unique Drivers,Unique Vehicles,Vehicles Per Day,Avg Days Vehicles on Road,Avg Hours Per Day Per Vehicle,Avg Days Drivers on Road,Avg Hours Per Day Per Driver,Avg Minutes Per Trip,Percent of Trips Paid with Credit Card,Trips Per Day Shared
2021-02,FHV - High Volume,"414,755", - ,"47,206","47,267","28,637",17,7.1,17.1,7.1,16,-,-
2021-02,Green,"2,305","52,276",904,881,446,14.2,4.1,13.9,4.1,18.8,79%,-
2021-02,Yellow,"48,499","755,115","5,277","4,496","3,182",19.8,7.9,17.6,7.6,12.4,76%,-
2021-01,FHV - Black Car,"10,386", - ,"3,816","3,806","1,752",14.3,4.4,14.3,4.4,22,-,-
2021-01,FHV - High Volume,"383,932",,"47,622","47,592","28,582",18.6,6.9,18.7,6.8,15,-,-
2021-01,FHV - Livery,"23,890", - ,"5,132","5,030","3,086",19,5.1,18.9,5,15,-,-
2021-01,FHV - Lux Limo,528, - ,793,769,264,10.7,2,10.5,1.9,50,-,-
2021-01,Green,"2,467","56,409",991,982,491,15.5,4.1,15.5,4,17.4,79%,-
2021-01,Yellow,"44,052","688,811","5,396","4,625","3,256",21.8,7.5,19.4,7.3,11.6,75%,-
2020-12,FHV - Black Car,"11,293",,"4,217","4,187","1,915",14.2,4.5,14.1,4.5,22,-,-
2020-12,FHV - High Volume,"374,990",-,"51,525","51,534","32,488",19.5,6.5,19.7,6.5,16,-,-
2020-12,FHV - Livery,"24,385",,"5,474","5,372","3,281",18.9,5,18.8,5,16,-,-
2020-12,FHV - Lux Limo,475,,749,724,237,10.2,2,10,1.9,57,-,-
2020-12,Green,"2,681","60,329","1,095","1,087",560,16,3.9,16,3.9,18.1,76%,-
2020-12,Yellow,"47,145","744,835","6,092","5,142","3,757",22.7,7.4,19.8,7.1,12.4,75%,-
2020-11,FHV - Black Car,"11,825",-,"4,460","4,458","2,013",13.6,4.5,13.6,4.5,24,-,-
2020-11,FHV - High Volume,"386,122",-,"52,996","52,928","34,062",19.3,6.4,19.5,6.4,16,-,-
2020-11,FHV - Livery,"24,674",-,"5,319","5,230","3,327",19.1,5,19.1,4.9,16,-,-
2020-11,FHV - Lux Limo,457,-,722,698,230,9.9,2,9.8,1.9,59,-,-
2020-11,Green,"2,953","66,505","1,137","1,106",610,16.6,4,16.4,3.9,18.2,77%,-
2020-11,Yellow,"50,285","786,213","6,314","5,208","3,868",22.3,7.5,19.2,7.2,12.4,76%,-
2020-10,FHV - Black Car,"10,932", - ,"4,237","4,215","1,954",14.4,4.4,14.4,4.3,24,-,-
2020-10,FHV - High Volume,"427,396", - ,"52,379","52,290","33,969",20.1,6.8,20.3,6.7,17,-,-
2020-10,FHV - Livery,"24,640", - ,"5,398","5,272","3,306",19.4,5.1,19.3,5,17,-,-
2020-10,FHV - Lux Limo,527, - ,840,802,264,10.2,2,9.9,1.9,61,-,-
2020-10,Green,"3,067","68,559","1,137","1,117",605,16.8,4.1,16.7,4.1,18.4,76%,-
2020-10,Yellow,"54,221","880,080","6,144","5,092","3,728",22.7,8,19.7,7.6,12.6,76%,-
2020-09,FHV - Black Car,"12,762",-,"4,539","4,543","2,160",14.3,4.5,14.3,4.5,25,-,-
2020-09,FHV - High Volume,"403,515",-,"50,614","50,419","31,556",18.8,6.9,21.2,6.9,17.5,-,-
2020-09,FHV - Livery,"24,339",-,"5,102","4,974","3,204",19.3,5.1,19.1,5,17,-,-
2020-09,FHV - Lux Limo,479,-,743,718,234,9.8,2,9.7,2,63,-,-
2020-09,Green,"2,932","66,854","1,123","1,100",575,15.7,4.1,15.5,4.1,18.6,76%,-
2020-09,Yellow,"44,646","707,226","5,706","4,910","3,257",19.9,7.6,17.8,7.3,12.5,73%,-
2020-08,FHV - Black Car,"9,723",-,"3,838","3,856","1,673",13.5,4.4,13.5,4.4,24,-,-
2020-08,FHV - High Volume,"357,610",-,"48,984","48,680","28,731",18.3,6.7,18.4,6.6,17,-,-
2020-08,FHV - Livery,"25,507",-,"5,405","5,291","3,263",19.1,5.2,19,5.1,17,-,-
2020-08,FHV - Lux Limo,449,-,694,691,207,9.3,2.1,9.4,2.1,56,-,-
2020-08,Green,"2,614","62,686","1,142","1,127",544,15,4,15,3.9,18.7,74%,-
2020-08,Yellow,"32,491","548,752","5,371","4,754","2,790",18.2,6.9,16.7,6.6,12.6,70%,-
2020-07,FHV - Black Car,8692, - ,"3,113","3,128","1,446",14.3,4.6,14.4,4.6,25, - ,-
2020-07,FHV - High Volume,"320,999", - ,"38,310","38,380","21,221",17.1,7.2,17.3,7.2,16,-,-
2020-07,FHV - Livery,23110, - ,"4,473","4,318","2,760",19.8,5.5,19.4,5.4,17, - , - 
2020-07,FHV - Lux Limo,436, - ,597,567,186,10.2,2.3,9.8,2.3,52, - , - 
2020-07,Green,"2,330","54,821",937,925,430,14.4,4.3,14.4,4.2,18.1,73%,-
2020-07,Yellow,"25,816","438,974","3,988","3,803","1,952",15.9,7.1,15.7,6.8,12.5,69%,-
2020-06,FHV - Black Car,"9,323", - ,"3,157","3,165","1,533",14.5,4.6,14.6,4.6,22,-,-
2020-06,FHV - High Volume,"251,696", - ,"29,832","30,131","17,665",17.6,7.1,17.9,7,16,-,-
2020-06,FHV - Livery,"22,723", - ,"4,250","4,192","2,770",19.8,5.3,19.8,5.3,16,-,-
2020-06,FHV - Lux Limo,315, - ,447,431,141,9.9,2.2,9.7,2.1,51,-,-
2020-06,Green,"2,103","46,850",856,850,408,14.4,4.1,14.5,4,17.5,71%,-
2020-06,Yellow,"18,325","314,459","2,969","2,965","1,554",15.7,6.7,16.2,6.5,12.4,68%,-
2020-05,FHV - Black Car,"6,180",-,"2,851","2,861","1,186",12.9,4.1,12.9,4.1,20,-,-
2020-05,FHV - High Volume,"196,447",-,"27,675","27,881","16,073",17.9,6.4,18.1,6.4,15,-,-
2020-05,FHV - Livery,"17,042",-,"3,874","3,838","2,329",18.8,4.9,18.9,4.9,14,-,-
2020-05,FHV - Lux Limo,191,-,343,344,96,8.7,2,8.7,1.9,47,-,-
2020-05,Green,"1,850","38,440",830,819,405,15.3,3.7,15.3,3.7,16.5,73%,-
2020-05,Yellow,"11,237","206,533","2,603","2,609","1,298",15.4,5.7,15.9,5.6,11.9,67%,-
2020-04,FHV - Black Car,"5,103", - ,"2,413","2,425",982,12.2,4.1,12.2,4.1,19,-,-
2020-04,FHV - High Volume,"143,762", - ,"22,390","22,527","11,544",15.4,6.1,15.6,6.1,13,-,-
2020-04,FHV - Livery,"10,719", - ,"2,816","2,794","1,447",15.5,5.1,15.6,5,13,-,-
2020-04,FHV - Lux Limo,148, - ,319,337,75,6.7,1.9,7.1,1.9,48,-,-
2020-04,Green,"1,186","22,495",669,669,278,12.5,3.4,12.6,3.4,14.5,66%,-
2020-04,Yellow,"7,928","119,078","2,208","2,191",982,13.5,5.3,13.8,5.1,9.9,63%,-
2020-03,FHV - Black Car,"13,708", - ,"8,345","8,342","2,917",10.8,3.8,10.9,3.8,24,-,-
2020-03,FHV - High Volume,"432,027", - ,"76,604","75,506","35,735",14.7,6.1,14.6,6,16,-,"41,051"
2020-03,FHV - Livery,"25,153", - ,"7,553","7,315","3,689",15.6,5,15.4,4.9,16,-,-
2020-03,FHV - Lux Limo,"1,060", - ,"2,194","2,063",531,8,2,7.8,1.9,61,-,-
2020-03,Green,"7,205","113,973","2,692","2,560","1,248",15.1,4.4,14.7,4.3,15.2,63%,-
2020-03,Yellow,"96,993","1,620,345","19,062","11,313","6,161",16.9,8.8,13.2,6.7,13,75%,-
2020-02,FHV - Black Car,"20,412", - ,"8,415","8,403","4,238",14.6,3.9,14.7,3.9,27,-,-
2020-02,FHV - High Volume,"749,129", - ,"79,282","78,090","55,139",20.5,6.6,20.5,6.5,17,-,"97,117"
2020-02,FHV - Livery,"34,822", - ,"7,227","6,969","4,864",20.2,5.3,19.9,5.2,17,-,-
2020-02,FHV - Lux Limo,"2,472", - ,"2,472","2,343","1,071",13.3,2.3,13.1,2.2,63,-,-
2020-02,Green,"13,743","240,822","2,843","2,674","2,006",21.8,5,20.9,4.9,15.4,44%,-
2020-02,Yellow,"217,216","3,556,087","20,123","11,418","10,349",26.3,10.8,20.9,7.7,13.5,75%,-
2020-01,FHV - Black Car,"22,195", - ,"8,625","8,634","4,409",15.8,4,15.9,4,25,-,-
2020-01,FHV - High Volume,"663,433", - ,"80,725","79,288","53,606",21,6.2,20.9,6.1,17,-,"90,550"
2020-01,FHV - Livery,"35,036", - ,"7,548","7,305","4,905",20.8,5.2,20.5,5.1,17,-,-
2020-01,FHV - Lux Limo,"2,079", - ,"2,162","2,128",908,13.2,2.3,13.4,2.2,59,-,-
2020-01,Green,"13,446","236,992","2,876","2,703","1,997",22.9,5,22,4.9,15.3,44%,-
2020-01,Yellow,"206,604","3,403,736","20,131","11,435","10,080",27.3,10.5,21.7,7.5,13.1,73%,-
2019-12,FHV - Black Car,"18,498",-,"8,019","7,994","3,873",15,3.8,15.1,3.8,29,-,-
2019-12,FHV - High Volume,"717,497",-,"82,527","80,924","55,796",21.4,6.5,21,6.4,18,-,"93,421"
2019-12,FHV - Livery,"38,401",-,"7,936","7,698","5,316",21.4,5.3,21.2,5.2,18,-,-
2019-12,FHV - Lux Limo,"2,555",-,"2,548","2,536","1,069",13.1,2.4,13.3,2.3,70,-,-
2019-12,Green,"11,598","162,078","2,904","2,731","1,834",20.8,4.4,20,4.4,13.6,53%,-
2019-12,Yellow,"220,786","3,806,944","20,829","11,478","10,260",27.7,10.7,21.7,7.5,15,71%,-
2019-11,FHV - Black Car,"16,612", -   ,"7,237","7,219","3,645",15.2,3.7,15.2,3.7,28,-,-
2019-11,FHV - High Volume,"721,170", -   ,"83,017","81,286","57,241",21.1,6.5,21,6.4,19,-,"103,379"
2019-11,FHV - Livery,"35,889", -   ,"7,524","7,293","5,086",20.9,5.2,20.7,5.1,18,-,-
2019-11,FHV - Lux Limo,"2,017", -   ,"1,853","1,776",835,14.1,2.4,14,2.3,67,-,-
2019-11,Green,"12,068","170,328","2,969","2,781","1,904",20.5,4.5,19.7,4.4,13.8,55%,-
2019-11,Yellow,"227,654","3,872,769","20,934","11,431","10,441",27.4,11,21.7,7.6,14.8,73%,-
2019-10,FHV - Black Car,"16,245", -   ,"7,120","7,071","3,757",16.5,3.6,16.4,3.6,29,-,-
2019-10,FHV - High Volume,"682,635",  -    ,"83,865","82,051","57,764",21.8,6.4,21.7,6.3,19,0%,"107,676"
2019-10,FHV - Livery,"38,855", -   ,"8,217","7,920","5,503",21.5,5.2,21.2,5.1,18,-,-
2019-10,FHV - Lux Limo,"3,105", -   ,"2,682","2,530","1,256",15.4,2.4,15.1,2.4,69,-,-
2019-10,Green,"12,470","178,014","3,004","2,818","1,990",21.9,4.5,21,4.4,14,56%,-
2019-10,Yellow,"231,171","4,006,128","20,880","11,380","10,476",28.5,11.2,22.5,7.7,15.1,73%,-
2019-09,FHV - Black Car,"12,373", -   ,"5,499","5,417","2,846",15.8,3.5,15.6,3.5,32,-,-
2019-09,FHV - High Volume,"668,520",  -    ,"84,306","82,206","56,795",20.7,6.4,20.5,6.2,19,-,"107,780"
2019-09,FHV - Livery,"19,312", -   ,"4,183","3,979","2,633",19.9,5.3,19.2,5.2,21,-,-
2019-09,FHV - Lux Limo,"2,739", -   ,"2,522","2,402","1,098",13.7,2.5,13.5,2.4,75,-,-
2019-09,Green,"12,985","190,621","3,033","2,856","2,048",21.5,4.6,20.6,4.5,14.3,55%,-
2019-09,Yellow,"217,747","3,814,692","20,369","11,302","10,066",26.7,10.9,21,7.7,16,72%,-
2019-08,FHV - Black Car,"12,787", -   ,"5,874","5,845","2,964",15.7,3.4,15.7,3.4,32,-,-
2019-08,FHV - High Volume,"648,961", - ,"83,709","82,693","55,289",20.8,6.3,20.8,6.2,18,-,"104,983"
2019-08,FHV - Livery,"38,815", -   ,"8,104","7,824","5,441",21.6,5.3,21.3,5.2,18,-,-
2019-08,FHV - Lux Limo,"2,099", -   ,"2,389","2,311",969,13,2.1,12.9,2.1,73,-,-
2019-08,Green,"12,866","188,318","3,033","2,841","2,011",22,4.6,20.9,4.6,13.9,54%,-
2019-08,Yellow,"194,798","3,385,162","19,583","11,237","9,741",26.9,10.4,21.4,7.5,14.3,70%,-
2019-07,FHV - Black Car,"13,993",-,"5,995","5,968","2,914",15.1,3.7,15.1,3.7,29,-,-
2019-07,FHV - High Volume,"654,230",-,"85,896","84,609","57,048",21,6.2,20.9,6.1,18,-,"104,074"
2019-07,FHV - Livery,"41,492",-,"8,474","8,150","5,682",21.6,5.3,21.3,5.2,18,-,-
2019-07,FHV - Lux Limo,"2,013",-,"2,105","2,013",881,13.6,2.3,13.4,2.2,73,-,-
2019-07,Green,"13,969","205,934","3,179","2,985","2,125",22.1,4.7,21.1,4.6,14.2,55%,-
2019-07,Yellow,"202,443","3,501,565","20,206","11,366","9,894",27,10.5,21.4,7.5,14.5,70%,-
2019-06,FHV - Black Car,"14,233", -   ,"5,876","5,858","2,988",15.3,3.7,15.3,3.7,29,-,-
2019-06,FHV - High Volume,"700,036", -   ,"87,131","85,712","58,847",20.7,6.3,20.6,5.8,19,-,"101,645"
2019-06,FHV - Livery,"43,938", -   ,"8,569","8,224","5,856",21.4,5.4,21.1,5.3,18,-,-
2019-06,FHV - Lux Limo,"2,276", -   ,"2,124","2,140",993,13.9,2.3,14.1,2.3,71,-,-
2019-06,Green,"15,690","235,578","3,292","3,080","2,216",21.6,5,20.7,4.8,15,55%,-
2019-06,Yellow,"231,335","4,042,788","20,728","11,533","10,274",26.7,11,21.3,7.7,15.1,72%,-
2019-05,FHV - Black Car,"16,186", -   ,"6,211","6,171","3,237",16.3,3.9,16.2,3.8,27,-,-
2019-05,FHV - High Volume,"720,263", -   ,"87,719","86,391","59,902",21.6,6.2,21.5,6.2,19,-,"124,106"
2019-05,FHV - Livery,"44,781", -   ,"8,581","8,228","5,868",22.1,5.5,21.7,5.3,17,-,-
2019-05,FHV - Lux Limo,"2,657", -   ,"2,245","2,256","1,100",15.1,2.4,15.1,2.4,70,-,-
2019-05,Green,"16,248","243,583","3,393","3,170","2,351",23,4.8,22,4.7,15.1,56%,-
2019-05,Yellow,"244,017","4,214,808","21,042","11,689","10,494",27.8,11.2,22.3,7.7,14.9,72%,-
2019-04,FHV - Black Car,"15,660", -   ,"5,824","5,795","3,126",16.2,3.9,16.2,3.8,27,-,-
2019-04,FHV - High Volume,"724,388",0,"87,779","86,463","59,121",20.6,6.3,20.5,6.2,19,-,"141,734"
2019-04,FHV - Livery,"44,846", -   ,"8,469","8,175","5,844",21.4,5.5,21.1,5.4,17,-,-
2019-04,FHV - Lux Limo,"2,584", -   ,"2,374","2,391","1,118",14,2.3,14.1,2.3,67,-,-
2019-04,Green,"17,080","249,506","3,508","3,249","2,423",22.4,4.9,21.2,4.8,14.3,57%,-
2019-04,Yellow,"247,742","4,215,927","21,595","11,786","10,674",27.2,11.3,21.4,7.8,14.3,72%,-
2019-03,FHV - Black Car,"8,778", -   ,"4,513","4,498","1,916",13.2,3.5,13.3,3.5,23,-,-
2019-03,FHV - High Volume,"769,729", -   ,"87,695","86,540","59,893",21.6,6.4,21.5,6.4,19,-,"157,704"
2019-03,FHV - Livery,"32,099", -   ,"8,216","7,918","4,737",18.5,4.9,18.3,4.8,17,-,-
2019-03,FHV - Lux Limo,"1,513", -   ,"1,786","1,799",698,12,2.1,12,2.1,62,-,-
2019-03,Green,"19,318","305,302","3,586","3,296","2,524",23.7,5.4,22.3,5.2,15.8,60%,-
2019-03,Yellow,"252,634","4,289,036","21,956","11,912","10,814",28.1,11.4,22.3,7.9,14.1,73%,-
2019-02,FHV - Black Car,"13,692", -   ,"5,129","5,103","2,811",15.4,3.8,15.4,3.8,28,-,-
2019-02,FHV - High Volume,"719,853", -   ,"86,296","85,403","58,980",19.5,6.3,19.4,6.2,18,-,"171,912"
2019-02,FHV - Livery,"44,638", -   ,"8,776","8,440","5,992",19.9,5.4,19.6,5.3,17,-,
2019-02,FHV - Lux Limo,"2,467", -   ,"2,147","2,142","1,034",13.5,2.4,13.6,2.3,65,-,
2019-02,Green,"20,481","325,509","3,626","3,385","2,651",21.9,5.4,20.9,5.3,15.7,62%,-
2019-02,Yellow,"250,654","4,105,322","21,733","11,895","10,770",25.4,11.3,20.1,7.8,13.6,74%,-
2019-01,FHV - Black Car,"15,024", -   ,"6,111","6,072","3,156",16.1,3.7,16.1,3.7,27,-,104
2019-01,FHV - High Volume,"683,692", -   ,"86,715","84,698","56,530",20.7,6.2,20.5,6.1,18,-,"157,678"
2019-01,FHV - Livery,"41,974", -   ,"8,717","8,368","5,834",21.6,5.3,21.1,5.2,17,-,30
2019-01,FHV - Lux Limo,"2,573", -   ,"2,675","2,533","1,137",13.9,2.2,13.7,2.2,63,-,-
2019-01,Green,"20,327","309,210","3,705","3,442","2,642",23.8,5.4,22.6,5.3,15,62%, - 
2019-01,Yellow,"247,315","3,413,625","22,085","11,867","10,582",27.6,11.1,21.5,7.7,12.8,72%, - 
2018-12,FHV - Black Car,"16,120",-,"7,321","7,286","3,463",14.7,3.6,14.8,3.6,30,-,128
2018-12,FHV - High Volume,"701,180",-,"86,788","85,146","56,844",20.7,6.3,20.6,6.2,20,-,"164,666"
2018-12,FHV - Livery,"48,951",-,"9,682","9,247","6,460",21.7,5.5,21.2,5.3,18,-,35
2018-12,FHV - Lux Limo,"3,025",-,"3,083","2,991","1,260",13.1,2.4,13.1,2.3,70,-,-
2018-12,Green,"22,083","341,294","3,777","3,468","2,720",24.3,5.6,22.9,5.4,15.7,59%,-
2018-12,Yellow,"263,609","3,852,809","23,042","11,938","10,803",28.1,11.5,21.7,7.7,14.7,68%,-
2018-11,FHV - Black Car,"17,791",-,"7,362","7,340","3,891",15.9,3.6,15.9,3.6,30,-,"17,734"
2018-11,FHV - High Volume,"691,379",-,"85,496","83,271","56,908",20.5,6.3,20.3,6.2,20,-,"160,672"
2018-11,FHV - Livery,"47,205",-,"9,584","9,195","6,464",21.1,5.4,20.7,5.2,18,-,36
2018-11,FHV - Lux Limo,"3,622",-,"2,960","2,832","1,364",14.5,2.5,14.2,2.4,71,-,-
2018-11,Green,"21,858","344,302","3,767","3,490","2,742",23.6,5.5,22.3,5.4,16.4,61%,-
2018-11,Yellow,"271,501","4,035,397","23,459","11,948","11,040",27.7,11.8,21.4,7.8,15.2,70%,-
2018-10,FHV - Black Car,"18,364",-,"7,582","7,476","3,933",16.3,3.6,16.3,3.6,34,-,158
2018-10,FHV - High Volume,"680,433",-,"84,660","82,247","56,538",21.3,6.3,21,6.2,21,-,"176,348"
2018-10,FHV - Livery,"44,990",-,"9,558","9,182","6,382",21.5,5.3,21.2,5.2,19,-,34
2018-10,FHV - Lux Limo,"3,467",-,"2,835","2,696","1,384",15.9,2.5,15.6,2.4,71,-,-
2018-10,Green,"22,889","360,292","3,827","3,523","2,796",24.6,5.7,23.2,5.6,16.3,60%,-
2018-10,Yellow,"284,121","4,267,309","23,600","12,009","11,151",28.8,12,22.2,7.9,15.2,71%,-
2018-09,FHV - Black Car,"15,159",-,"6,183","6,140","3,232",15.8,3.7,15.7,3.7,32,-,291
2018-09,FHV - High Volume,"658,952",-,"82,782","80,536","53,842",20.1,6.4,19.8,6.3,20,-,"148,283"
2018-09,FHV - Livery,"42,058",-,"8,697","8,414","5,823",20.8,5.3,20.4,5.2,18,-,35
2018-09,FHV - Lux Limo,"2,556",-,"2,425","2,271","1,062",14,2.4,13.6,2.3,69,-,-
2018-09,Green,"22,193","345,939","3,806","3,503","2,721",23.3,5.6,21.9,5.5,15.8,58%,-
2018-09,Yellow,"267,983","3,995,849","23,055","12,007","10,741",26.8,11.7,20.6,7.9,15,70%,-
2018-08,FHV - Black Car,"14,455",-,"6,634","6,609","3,448",16.2,3.4,16.2,3.4,32,-,16
2018-08,FHV - High Volume,"642,341",-,"80,363","78,545","51,804",20.4,6.4,20.3,6.3,20,-,"168,299"
2018-08,FHV - Livery,"46,411",-,"9,603","9,321","6,418",21.3,5.3,21,5.2,18,-,15
2018-08,FHV - Lux Limo,"2,211",-,"2,516","2,395","1,027",13.3,2.1,13,2.1,68,-,-
2018-08,Green,"21,468","326,276","3,788","3,507","2,646",23.4,5.6,22.1,5.5,15,60%,-
2018-08,Yellow,"253,182","3,742,832","22,319","11,961","10,655",27.6,11.3,21.4,7.8,14.1,70%,-
2018-07,FHV - Black Car,"13,614",-,"6,242","6,188","3,086",15.5,3.4,15.4,3.4,32,-,13
2018-07,FHV - High Volume,"630,977",-,"79,945","78,100","51,565",20.5,6.3,20.3,6.2,20,-,"163,171"
2018-07,FHV - Livery,"44,963",-,"9,649","9,396","6,378",21,5.3,20.8,5.2,18,-,18
2018-07,FHV - Lux Limo,"2,377",-,"2,663","2,488","1,072",13.4,2.2,12.8,2.1,69,-,-
2018-07,Green,"22,048","331,003","3,909","3,588","2,754",23.8,5.5,22.4,5.4,14.8,56%,-
2018-07,Yellow,"253,186","3,735,128","23,142","12,092","10,788",27.7,11.3,21.3,7.7,14.1,68%,-
2018-06,FHV - Black Car,"17,207",-,"7,155","7,119","3,809",16.1,3.5,16,3.5,34,-,-
2018-06,FHV - High Volume,"626,423",-,"78,862","77,460","51,728",20,6.3,19.9,6.2,20,-,"143,298"
2018-06,FHV - Livery,"55,453",-,"10,655","10,332","7,357",21.4,5.5,21.1,5.3,18,-,18
2018-06,FHV - Lux Limo,"3,433",-,"3,135","3,062","1,431",14,2.4,14.2,2.3,73,-,-
2018-06,Green,"24,610","374,454","3,976","3,653","2,858",23.5,5.8,22.1,5.6,15.5,56%,-
2018-06,Yellow,"290,362","4,283,693","23,737","12,222","11,223",27.5,11.9,21.4,7.9,14.7,70%,-
2018-05,FHV - Black Car,"16,826",-,"7,268","7,224","3,906",16.8,3.5,16.7,3.5,35,-,-
2018-05,FHV - High Volume,"620,950",-,"77,775","76,382","51,355",20.8,6.3,20.7,6.2,20,-,"148,036"
2018-05,FHV - Livery,"55,083",-,"10,697","10,368","7,298",21.8,5.4,21.6,5.3,19,-,15
2018-05,FHV - Lux Limo,"3,531",-,"3,180","3,141","1,463",14.4,2.4,14.7,2.3,72,-,-
2018-05,Green,"25,693","386,965","4,057","3,707","2,949",24.7,5.8,23.1,5.7,15.5,57%,-
2018-05,Yellow,"297,508","4,431,220","24,330","12,317","11,396",28.7,12.1,22.3,7.9,14.9,69%,-
2018-04,FHV - Black Car,"16,088",-,"7,221","7,176","3,832",16,3.5,16,3.4,34,-,-
2018-04,FHV - High Volume,"616,450",-,"75,879","74,273","49,959",20.2,6.3,20,6.2,20,-,"160,806"
2018-04,FHV - Livery,"57,501",-,"11,472","11,106","7,768",21,5.4,20.8,5.3,19,-,14
2018-04,FHV - Lux Limo,"3,362",-,"3,289","3,214","1,446",13.5,2.3,13.6,2.2,63,-,-
2018-04,Green,"26,642","384,918","4,081","3,746","2,976",23.8,5.9,22.4,5.8,14.5,56%,-
2018-04,Yellow,"310,169","4,486,177","24,807","12,372","11,534",28,12.4,21.5,8.1,14.2,70%,-
2018-03,FHV - Black Car,"16,422",-,"7,535","7,471","3,988",16.5,3.4,16.5,3.4,35,-,-
2018-03,FHV - High Volume,"624,601",-,"74,288","72,691","49,102",20.9,6.4,20.7,6.3,19,-,"157,162"
2018-03,FHV - Livery,"58,458",-,"11,687","11,313","7,795",21.4,5.4,21.1,5.3,19,-,12
2018-03,FHV - Lux Limo,"3,127",-,"3,174","3,077","1,346",13.6,2.3,13.6,2.2,64,-,-
2018-03,Green,"26,967","374,253","4,145","3,773","2,961",24.3,5.9,22.7,5.8,13.9,55%,-
2018-03,Yellow,"304,169","4,293,867","24,991","12,389","11,480",28.7,12.2,21.9,7.9,13.7,70%,-
2018-02,FHV - Black Car,"17,415",-,"7,550","7,529","4,063",15.1,3.5,15.1,3.5,33,-,-
2018-02,FHV - High Volume,"603,801",-,"72,893","71,731","48,772",19,6.3,18.9,6.3,19,-,"140,622"
2018-02,FHV - Livery,"58,545",-,"12,653","12,055","8,242",19.1,5.3,18.6,5.2,18,-,19
2018-02,FHV - Lux Limo,"3,240",-,"3,273","3,189","1,399",12.3,2.3,12.4,2.2,62,-,-
2018-02,Green,"27,461","360,001","4,260","3,920","3,058",21.8,5.9,20.6,5.7,12.9,55%,-
2018-02,Yellow,"303,280","4,138,935","24,641","12,490","11,535",25.9,12.1,19.9,8,13.1,71%,-
2018-01,FHV - Black Car,"15,445",-,"7,464","7,410","3,778",15.8,3.4,15.7,3.4,35,-,-
2018-01,FHV - High Volume,"555,031",-,"72,719","71,484","46,403",20.1,6.2,19.9,6.1,18,-,"126,738"
2018-01,FHV - Livery,"62,222",-,"13,961","12,751","8,389",20.4,5.4,19,5.3,17,-,15
2018-01,FHV - Lux Limo,"3,142",-,"3,385","3,299","1,378",13,2.2,13.1,2.2,63,-,-
2018-01,Green,"25,564","331,105","4,377","4,021","2,983",23,5.7,21.6,5.5,12.8,53%,-
2018-01,Yellow,"282,565","3,863,024","24,923","12,599","11,304",27.8,11.6,21.1,7.7,13.1,70%,-
2017-12,FHV - Black Car,"15,541",-,"7,789","7,703","3,720",15,3.4,14.9,3.4,35,-,-
2017-12,FHV - High Volume,"553,632",-,"71,671","70,194","46,799",20.7,6.3,20.5,6.2,20,-,"118,649"
2017-12,FHV - Livery,"64,462",-,"13,592","12,966","8,994",21.5,5.3,21,5.2,18,-,12
2017-12,FHV - Lux Limo,"3,139",-,"3,479","3,331","1,343",12.5,2.3,12.4,2.2,69,-,-
2017-12,Green,"29,223","383,355","4,497","4,117","3,200",24.1,5.9,22.6,5.8,13,51%,-
2017-12,Yellow,"306,706","4,407,843","26,038","12,685","11,743",28.7,12.2,21.8,7.8,14.5,66%,-
2017-11,FHV - Black Car,"15,718",-,"7,376","7,331","3,859",15.8,3.4,15.8,3.4,37,-,-
2017-11,FHV - High Volume,"517,191",-,"69,948","68,521","46,232",20.2,6.2,20,6.1,20,-,"107,750"
2017-11,FHV - Livery,"59,254",-,"13,304","12,807","8,986",21.1,5.1,20.8,4.9,18,-,16
2017-11,FHV - Lux Limo,"3,246",-,"3,088","2,978","1,341",13.5,2.4,13.5,2.3,68,-,-
2017-11,Green,"29,136","386,722","4,601","4,199","3,320",23.7,5.8,22.2,5.7,13.2,53%,-
2017-11,Yellow,"309,471","4,517,934","26,347","12,692","11,921",28.2,12.4,21.5,7.8,14.8,68%,-
2017-10,FHV - Black Car,"16,405",-,"8,008","7,882","4,221",16.6,3.3,16.5,3.3,38,-,-
2017-10,FHV - High Volume,"492,028",-,"69,303","67,653","45,234",20.7,6.1,20.4,6.1,20,-,"92,641"
2017-10,FHV - Livery,"59,234",-,"13,833","13,335","9,231",21.5,5,21.2,4.9,18,-,-
2017-10,FHV - Lux Limo,"3,171",-,"3,053","2,936","1,341",14.2,2.3,14.2,2.3,68,-,-
2017-10,Green,"29,858","401,160","4,723","4,287","3,390",24.5,5.9,22.8,5.7,13.4,53%,-
2017-10,Yellow,"315,084","4,681,421","26,536","12,703","11,931",29.1,12.5,22.1,7.9,14.8,68%,-
2017-09,FHV - Black Car,"15,975",-,"7,777","7,693","3,906",15.2,3.4,15.2,3.4,36,-,-
2017-09,FHV - High Volume,"468,318",-,"67,408","65,690","43,120",19.7,6.2,19.4,6.1,20,-,"84,200"
2017-09,FHV - Livery,"59,436",-,"14,306","13,795","9,339",20.3,4.9,20,4.8,18,-,12
2017-09,FHV - Lux Limo,"3,396",-,"3,483","3,375","1,439",12.8,2.3,12.8,2.3,68,-,-
2017-09,Green,"29,409","402,289","4,693","4,320","3,337",23.2,5.8,21.9,5.7,13.3,51%,-
2017-09,Yellow,"298,163","4,422,289","25,604","12,656","11,499",27.3,12.1,20.6,7.9,14.8,67%,-
2017-08,FHV - Black Car,"13,985",-,"7,463","7,406","3,686",15.4,3.2,15.4,3.2,35,-,-
2017-08,FHV - High Volume,"429,691",-,"65,522","64,054","41,372",20,6,19.8,6,20,-,"76,026"
2017-08,FHV - Livery,"59,142",-,"14,398","13,907","9,263",20.7,4.9,20.4,4.8,18,-,6
2017-08,FHV - Lux Limo,"2,774",-,"3,400","3,278","1,313",12.4,2.1,12.4,2,67,-,-
2017-08,Green,"27,976","373,385","4,769","4,384","3,347",23.7,5.6,22.3,5.5,12.6,50%,-
2017-08,Yellow,"271,676","3,985,437","25,164","12,690","11,550",28.2,11.7,21.6,7.7,14,66%,-
2017-07,FHV - Black Car,"13,084",-,"7,559","7,486","3,515",14.6,3.2,14.5,3.1,36,-,-
2017-07,FHV - High Volume,"421,285",-,"65,178","63,604","40,679",19.8,6,19.6,5.9,20,-,"68,756"
2017-07,FHV - Livery,"59,805",-,"14,658","14,069","9,283",20.5,4.9,20.1,4.8,18,-,13
2017-07,FHV - Lux Limo,"2,720",-,"3,284","3,237","1,270",12.2,2.1,12.4,2.1,69,-,-
2017-07,Green,"29,503","391,767","4,969","4,579","3,463",23.4,5.7,22.2,5.5,12.6,50%,-
2017-07,Yellow,"277,042","4,037,177","26,108","12,792","11,583",28.1,11.8,21.1,7.7,14.1,66%,-
2017-06,FHV - Black Car,"14,274",-,"7,450","7,394","3,840",15.6,3.2,15.5,3.2,39,-,-
2017-06,FHV - High Volume,"420,017",-,"63,721","62,331","40,408",19.5,5.9,19.2,5.8,21,-,"63,620"
2017-06,FHV - Livery,"64,389",-,"15,171","14,250","9,525",20.1,5.1,19.4,5,19,-,12
2017-06,FHV - Lux Limo,"3,327",-,"3,254","3,225","1,423",13.3,2.3,13.6,2.2,71,-,-
2017-06,Green,"32,544","432,850","5,072","4,686","3,629",23.2,5.7,22,5.6,13.2,50%,-
2017-06,Yellow,"321,877","4,751,867","26,664","12,894","12,038",28,12.4,21.5,7.8,14.8,67%,-
2017-05,FHV - Black Car,"15,505",-,"7,974","7,435","4,054",16.9,3.3,15.9,3.2,-,-,-
2017-05,FHV - High Volume,"399,546",-,"61,532","59,795","38,015",19.7,5.9,19.4,5.9,-,-,-
2017-05,FHV - Livery,"77,985",-,"14,892","14,323","10,396",22.5,5.4,22.2,5.3,-,-,-
2017-05,FHV - Lux Limo,"3,653",-,"3,062","3,053","1,526",15.5,2.3,15.7,2.3,-,-,-
2017-05,Green,"34,174","449,352","5,302","4,823","3,740",24,5.8,22.4,5.7,13.1,50%,-
2017-05,Yellow,"325,857","4,848,494","27,655","12,977","12,159",29,12.6,21.9,7.8,15,67%,-
2017-04,FHV - Black Car,"13,676",-,"7,201","6,725","3,536",15.8,3.3,14.8,3.2,-,-,-
2017-04,FHV - High Volume,"393,918",-,"58,963","57,181","36,750",19.3,6,18.9,6,-,-,-
2017-04,FHV - Livery,"81,326",-,"15,386","14,469","10,373",21.5,5.6,20.9,5.4,-,-,-
2017-04,FHV - Lux Limo,"3,240",-,"3,067","3,034","1,366",13.5,2.3,13.5,2.2,-,-,-
2017-04,Green,"36,024","465,532","5,337","4,844","3,803",23.6,6,22,5.8,12.5,50%,-
2017-04,Yellow,"334,865","4,865,420","27,802","12,981","12,229",28.3,12.8,21.4,7.9,14.3,67%,-
2017-03,FHV - Black Car,"14,500",-,"7,334","6,815","3,742",17,3.3,16,3.2,-,-,-
2017-03,FHV - High Volume,"402,938",-,"56,768","54,836","35,619",20.1,6.2,19.7,6.1,-,-,-
2017-03,FHV - Livery,"85,721",-,"15,711","14,884","10,446",21.8,5.7,21.3,5.5,-,-,-
2017-03,FHV - Lux Limo,"3,391",-,"2,865","2,923","1,371",14.6,2.4,15,2.3,-,-,-
2017-03,Green,"37,341","473,888","5,357","4,923","3,789",23.9,6.1,22.5,5.9,12.4,49%,-
2017-03,Yellow,"332,075","4,770,322","27,900","12,990","12,146",29,12.8,21.8,7.9,14,68%,-
2017-02,FHV - Black Car,"13,280",-,"6,931","6,769","3,599",14.9,3.2,14.7,3.1,-,-,-
2017-02,FHV - High Volume,"375,693",-,"55,552","53,577","34,850",18.2,6.1,17.8,6,-,-,-
2017-02,FHV - Livery,"81,985",-,"15,605","14,975","10,746",20.1,5.5,19.8,5.4,-,-,-
2017-02,FHV - Lux Limo,"3,502",-,"3,041","3,083","1,467",13.3,2.3,13.7,2.2,-,-,-
2017-02,Green,"36,509","461,734","5,533","5,089","3,895",21.4,5.9,20.2,5.8,12.1,50%,-
2017-02,Yellow,"327,451","4,531,822","27,523","12,967","12,112",26.2,12.6,19.6,7.9,13.3,68%,-
2017-01,FHV - Black Car,"12,660",-,"6,481","6,431","3,297",15.9,3.3,15.8,3.3,-,-,-
2017-01,FHV - High Volume,"344,972",-,"54,665","52,538","32,782",19.3,6,18.9,5.9,-,-,-
2017-01,FHV - Livery,"79,624",-,"15,299","14,680","10,335",21.8,5.6,21.3,5.4,-,-,-
2017-01,FHV - Lux Limo,"3,302",-,"3,139","3,178","1,404",13.7,2.3,14,2.2,-,-,-
2017-01,Green,"34,497","431,323","5,751","5,277","3,918",23,5.7,21.7,5.5,11.8,49%,-
2017-01,Yellow,"313,229","4,314,880","27,782","13,058","11,990",28.5,12.2,21,7.8,13,67%,-
2016-12,FHV - Black Car,"12,185",-,"6,304","6,140","3,102",15.7,3.3,15.2,3.3,-,-,-
2016-12,FHV - High Volume,"347,858",-,"53,130","50,955","32,336",19.7,6.1,19.1,6,-,-,-
2016-12,FHV - Livery,"84,307",-,"15,164","14,427","10,525",22.6,5.6,22.1,5.5,-,-,-
2016-12,FHV - Lux Limo,"2,705",-,"2,370","2,545","1,094",13.3,2.4,14.1,2.3,-,-,-
2016-12,Green,"39,488","508,205","5,935","5,399","4,166",23.9,6,22.4,5.8,12.4,48%,-
2016-12,Yellow,"337,071","4,869,413","28,743","13,197","12,329",29,12.8,21.7,7.8,14.6,64%,-
2016-11,FHV - Black Car,"12,670",-,"6,407","6,114","3,345",16.4,3.3,15.7,3.3,-,-,-
2016-11,FHV - High Volume,"318,664",-,"50,932","49,110","30,921",18.9,5.9,18.4,5.8,-,-,-
2016-11,FHV - Livery,"80,717",-,"15,223","14,489","10,571",21.9,5.5,21.5,5.3,-,-,-
2016-11,FHV - Lux Limo,"2,514",-,"2,075","2,198","1,017",13.9,2.4,14.4,2.4,-,-,-
2016-11,Green,"38,272","501,128","6,065","5,513","4,258",23.2,5.8,21.6,5.7,12.8,49%,-
2016-11,Yellow,"336,737","4,980,423","29,080","13,159","12,437",28.4,12.9,21.3,7.8,15.9,66%,-
2016-10,FHV - Black Car,"12,933",-,"6,616","6,381","3,375",16.4,3.3,15.8,3.3,-,-,-
2016-10,FHV - High Volume,"310,749",-,"49,545","47,758","30,097",19.5,6,19,5.9,-,-,-
2016-10,FHV - Livery,"81,340",-,"15,530","14,880","10,729",22.4,5.5,22,5.3,-,-,-
2016-10,FHV - Lux Limo,"3,297",-,"2,632","2,696","1,307",15.1,2.4,15.5,2.4,-,-,-
2016-10,Green,"40,405","540,913","6,215","5,604","4,331",24,5.9,22.1,5.8,13,50%,-
2016-10,Yellow,"350,380","5,196,275","29,383","13,198","12,433",29.2,13.1,21.8,7.9,16,66%,-
2016-09,FHV - Black Car,"14,150",-,"6,611","6,261","3,456",16.6,3.5,15.8,3.5,-,-,-
2016-09,FHV - High Volume,"292,548",-,"48,448","46,308","28,684",18.6,6,18,5.8,-,-,-
2016-09,FHV - Livery,"82,088",-,"15,503","14,680","10,715",21.9,5.5,21.4,5.3,-,-,-
2016-09,FHV - Lux Limo,"3,200",-,"2,504","2,579","1,254",14.6,2.4,15,2.4,-,-,-
2016-09,Green,"38,741","529,544","6,341","5,690","4,272",22.5,5.8,20.7,5.7,13.4,49%,-
2016-09,Yellow,"337,321","5,167,170","28,526","13,166","12,137",27.7,12.8,20.6,7.9,16,66%,-
2016-08,FHV - Black Car,"12,344",-,"6,410","6,289","3,383",16.7,3.1,16.5,3.1,-,-,-
2016-08,FHV - High Volume,"263,457",-,"45,496","43,375","25,589",18.3,5.9,17.7,5.8,-,-,-
2016-08,FHV - Livery,"83,283",-,"16,226","15,422","10,916",21.9,5.5,21.4,5.3,-,-,-
2016-08,FHV - Lux Limo,"3,008",-,"3,010","3,077","1,336",13.5,2.2,13.7,2.1,-,-,-
2016-08,Green,"40,241","547,786","6,359","5,774","4,329",23.2,6,21.7,5.9,12.9,49%,-
2016-08,Yellow,"320,718","4,722,586","28,340","13,203","12,266",28.8,12.5,21.7,7.8,15.5,64%,-
2016-07,FHV - Black Car,"12,589",-,"6,525","6,423","3,336",16.1,3.2,15.9,3.2,-,-,-
2016-07,FHV - High Volume,"252,701",-,"40,398","38,843","23,844",19,6,18.5,5.9,-,-,-
2016-07,FHV - Livery,"85,737",-,"16,492","15,435","10,851",21.8,5.6,21.1,5.4,-,-,-
2016-07,FHV - Lux Limo,"3,080",-,"2,798","2,830","1,258",13.8,2.3,14.1,2.2,-,-,-
2016-07,Green,"42,979","589,602","6,471","5,868","4,408",23.3,6.2,21.7,6,13,50%,-
2016-07,Yellow,"332,231","4,924,633","29,062","13,293","12,266",28.6,12.6,21.3,7.8,15.7,64%,-
2016-06,FHV - Black Car,"15,375",-,"6,889","6,794","3,957",17.5,3.3,17.3,3.3,-,-,-
2016-06,FHV - High Volume,"242,233",-,"38,771","37,615","23,824",19,6,18.7,5.9,-,-,-
2016-06,FHV - Livery,"96,337",-,"17,481","16,512","12,114",22,5.6,21.5,5.5,-,-,-
2016-06,FHV - Lux Limo,"5,007",-,"3,592","3,628","1,852",15.3,2.5,15.5,2.4,-,-,-
2016-06,Green,"46,817","645,016","6,582","5,959","4,711",23.7,6.2,22.1,6.1,13.5,49%,-
2016-06,Yellow,"371,257","5,564,246","29,899","13,354","12,781",28.7,13.3,21.8,7.8,16.7,66%,-
2016-05,FHV - Black Car,"14,705",-,"7,059","7,029","3,818",16.8,3.3,16.7,3.3,-,-,-
2016-05,FHV - High Volume,"226,667",-,"36,443","35,611","21,717",19,6.1,18.7,6,-,-,-
2016-05,FHV - Livery,"100,070",-,"21,928","16,951","12,374",22.6,5.7,18.3,5.4,-,-,-
2016-05,FHV - Lux Limo,"4,992",-,"3,713","3,676","1,821",15.4,2.6,15.6,2.5,-,-,-
2016-05,Green,"49,573","681,032","6,672","6,008","4,730",24.4,6.5,22.6,6.3,13.5,50%,-
2016-05,Yellow,"381,878","5,654,653","30,509","13,381","12,777",29.6,13.5,22.1,8,15.8,66%,-
2016-04,FHV - Black Car,"14,535",-,"7,361","7,036","3,939",16.8,3.2,16.2,3.2,-,-,-
2016-04,FHV - High Volume,"217,147",-,"34,250","33,518","20,967",18.9,6.1,18.5,6,-,-,-
2016-04,FHV - Livery,"101,203",-,"18,275","17,192","12,538",21.9,5.7,21.3,5.5,-,-,-
2016-04,FHV - Lux Limo,"5,053",-,"3,599","3,593","1,839",15.4,2.5,15.5,2.4,-,-,-
2016-04,Green,"51,458","692,778","6,770","6,021","4,789",23.9,6.6,21.9,6.4,13,51%,-
2016-04,Yellow,"397,780","5,721,501","30,488","13,370","12,875",28.9,13.8,21.7,8.1,17.4,67%,-
2016-03,FHV - Black Car,"14,138",-,"6,836","6,543","3,846",18.2,3.2,17.5,3.2,-,-,-
2016-03,FHV - High Volume,"195,837",-,"31,716","32,016","19,685",19.2,5.8,19,5.7,-,-,-
2016-03,FHV - Livery,"95,707",-,"16,805","15,852","11,562",22.6,5.8,22.2,5.6,-,-,-
2016-03,FHV - Lux Limo,"4,425",-,"3,416","3,436","1,724",15.6,2.4,15.7,2.3,-,-,-
2016-03,Green,"50,850","673,269","6,816","6,043","4,768",24.5,6.5,22.3,6.3,12.6,50%,-
2016-03,Yellow,"393,886","5,614,089","30,327","13,379","12,828",29.7,13.6,22.2,8,15,67%,-
2016-02,FHV - Black Car,"19,854",-,"9,263","9,138","4,768",15.1,3.4,15,3.4,-,-,-
2016-02,FHV - High Volume,"201,940",-,"32,348","31,921","19,596",17.9,5.9,17.7,5.9,-,-,-
2016-02,FHV - Livery,"98,897",-,"17,135","16,039","11,676",21.1,5.8,20.6,5.6,-,-,-
2016-02,FHV - Lux Limo,"4,405",-,"3,250","3,370","1,701",14.7,2.4,15,2.3,-,-,-
2016-02,Green,"52,093","676,135","6,871","6,165","4,843",22.8,6.5,21.1,6.3,12.3,50%,-
2016-02,Yellow,"392,470","5,427,875","29,564","13,339","12,718",27.7,13.4,20.8,8,14.6,67%,-
2016-01,FHV - Black Car,"14,352",-,"8,911","8,788","4,087",14.4,3.1,14.3,3,-,-,-
2016-01,FHV - High Volume,"166,805",-,"32,497","32,056","19,007",18.5,5.5,18.2,5.5,-,-,-
2016-01,FHV - Livery,"89,661",-,"19,667","18,782","11,958",19.7,5.3,19.4,5.1,-,-,-
2016-01,FHV - Lux Limo,"3,721",-,"3,920","3,371","1,517",14,2.3,12.3,2.2,-,-,-
2016-01,Green,"46,621","613,966","6,994","6,253","4,648",23,6.3,21.2,6.1,12.5,49%,-
2016-01,Yellow,"351,816","4,886,897","29,276","13,347","12,244",28.4,12.7,21,7.9,15.4,66%,-
2015-12,FHV - Black Car,"15,377",-,"8,494","8,429","3,928",14.5,3.3,14.3,3.3,-,-,-
2015-12,FHV - High Volume,"168,786",-,"31,249","30,010","18,733",19.4,5.6,19,5.6,-,-,-
2015-12,FHV - Livery,"97,134",-,"17,652","16,698","12,283",22.8,5.7,22.3,5.5,-,-,-
2015-12,FHV - Lux Limo,"5,437",-,"3,887","3,948","1,878",14.8,2.5,14.7,2.4,-,-,-
2015-12,Green,"51,880","700,319","7,120","6,342","5,030",24.6,6.4,22.5,6.3,12.9,48%,-
2015-12,Yellow,"369,686","5,425,880","29,917","13,429","12,641",29.2,13.2,22,7.9,18.4,63%,-
2015-11,FHV - Black Car,"15,069",-,"7,790","7,942","4,024",15.2,3.2,15.1,3.3,-,-,-
2015-11,FHV - High Volume,"163,178",-,"30,119","28,845","18,141",18.9,5.7,18.4,5.6,-,-,-
2015-11,FHV - Livery,"93,451",-,"17,933","16,777","12,166",21.8,5.5,21.4,5.3,-,-,-
2015-11,FHV - Lux Limo,"5,583",-,"3,890","3,820","1,936",15.2,2.5,14.7,2.4,-,-,-
2015-11,Green,"50,999","685,908","7,132","6,342","5,036",23.8,6.4,21.8,6.2,12.9,49%,-
2015-11,Yellow,"377,076","5,502,861","30,270","13,428","12,732",28.4,13.3,21.3,7.9,20.4,64%,-
2015-10,FHV - Black Car,"16,756",-,"7,837","7,652","3,974",16.1,3.5,15.7,3.5,-,-,-
2015-10,FHV - High Volume,"163,168",-,"29,151","28,002","17,701",19.6,5.8,19.1,5.7,-,-,-
2015-10,FHV - Livery,"91,468",-,"17,790","16,712","11,834",22,5.6,21.6,5.3,-,-,-
2015-10,FHV - Lux Limo,"5,554",-,"3,805","3,840","2,008",16.2,2.5,16.6,2.5,-,-,-
2015-10,Green,"52,598","716,779","7,157","6,396","5,083",24.6,6.5,22.7,6.3,13.3,48%,-
2015-10,Yellow,"397,244","5,856,687","30,104","13,436","12,787",29.5,13.7,22.4,8.1,17.3,64%,-
2015-09,FHV - Black Car,"10,293",-,"5,937","5,875","2,769",14.1,3.2,14,3.2,-,-,-
2015-09,FHV - High Volume,"144,300",-,"26,914","26,050","15,814",18.2,5.8,17.8,5.7,-,-,-
2015-09,FHV - Livery,"60,764",-,"11,595","10,792","7,851",21.8,5.6,21,5.4,-,-,-
2015-09,FHV - Lux Limo,"4,069",-,"3,127","3,069","1,550",15.2,2.6,14.7,2.5,-,-,-
2015-09,Green,"49,830","687,469","7,181","6,403","4,932",23.1,6.4,21.2,6.2,13.2,47%,-
2015-09,Yellow,"374,156","5,520,038","29,912","13,423","12,523",28,13.2,20.8,8,16.5,62%,-
2015-08,FHV - Black Car,"7,988",-,"5,154","5,073","2,384",14.6,2.9,14.4,2.9,-,-,-
2015-08,FHV - High Volume,"123,807",-,"25,085","24,452","14,485",18.4,5.6,18,5.5,-,-,-
2015-08,FHV - Livery,"34,450",-,"7,141","6,327","4,379",21.5,5.7,19.9,5.4,-,-,-
2015-08,FHV - Lux Limo,"3,476",-,"2,389","2,462","1,188",15,2.5,14.5,2.3,-,-,-
2015-08,Green,"49,429","678,711","7,215","6,404","4,911",23.8,6.4,21.8,6.2,12.8,46%,-
2015-08,Yellow,"359,029","5,200,177","29,688","13,442","12,579",29,13.1,21.7,7.9,16.1,61%,-
2015-07,FHV - Black Car,"7,574",-,"4,296","4,248","2,117",15.5,3.1,15.4,3.1,-,-,-
2015-07,FHV - High Volume,"112,207",-,"22,070","22,646","13,358",18.3,5.5,17.5,5.4,-,-,-
2015-07,FHV - Livery,"18,526",-,"4,306","3,815","2,365",19.2,5.7,17.9,5.4,-,-,-
2015-07,FHV - Lux Limo,"3,136",-,"2,381","2,354","1,146",15.1,2.4,15.5,2.5,-,-,-
2015-07,Green,"49,730","681,299","7,321","6,473","4,981",23.9,6.3,21.7,6.1,13,45%,-
2015-07,Yellow,"372,979","5,392,570","29,999","13,490","12,599",29,13.1,21.8,7.9,15.7,62%,-
2015-06,FHV - Black Car,"9,276",-,"5,009","4,956","2,543",15.4,3.2,15.3,3.2,-,-,-
2015-06,FHV - High Volume,"102,793",-,"20,452","19,840","12,089",18.3,5.6,17.9,5.5,-,-,-
2015-06,FHV - Livery,"25,626",-,"4,800","4,281","3,008",21.1,5.8,19.5,5.6,-,-,-
2015-06,FHV - Lux Limo,"3,655",-,"2,461","2,501","1,368",16.4,2.6,16.6,2.5,-,-,-
2015-06,Green,"54,628","801,215","7,483","6,539","5,196",23.8,6.5,21.6,6.3,13.3,45%,-
2015-06,Yellow,"410,831","6,014,938","30,829","13,549","12,990",28.8,13.8,21.9,8,16.9,63%,-
2015-05,FHV - Black Car,"7,681",-,"4,561","4,550","2,055",14,3.2,14,3.2,-,-,-
2015-05,FHV - High Volume,"94,103",-,"19,076","14,122","8,120",17.8,5.4,18,5.6,-,-,-
2015-05,FHV - Livery,"31,153",-,"6,540","5,779","3,836",20.6,5.6,19,5.4,-,-,-
2015-05,FHV - Lux Limo,"3,580",-,"2,709","2,735","1,388",15.7,2.5,16,2.4,-,-,-
2015-05,Green,"57,637","862,099","7,513","6,508","5,177",24.7,6.8,22.2,6.5,13.6,46%,-
2015-05,Yellow,"424,459","6,239,552","31,442","13,580","13,006",29.7,14.1,22.4,8.1,16.4,62%,-
2015-04,FHV - Black Car,"10,060",-,"5,237","5,225","2,653",15.2,3.3,15.2,3.2,-,-,-
2015-04,FHV - High Volume,"82,498",-,"16,473","16,006","9,711",18.2,5.6,17.8,5.5,-,-,-
2015-04,FHV - Livery,"33,619",-,"7,121","6,416","4,530",21.2,5.4,20,5.2,-,-,-
2015-04,FHV - Lux Limo,"2,973",-,"1,977","1,990","1,059",16,2.7,16.1,2.6,-,-,-
2015-04,Green,"55,473","805,698","7,388","6,378","5,032",23.7,6.7,21.2,6.4,13,46%,-
2015-04,Yellow,"435,701","6,226,205","31,574","13,577","13,098",28.9,14.2,21.9,8.1,16.9,63%,-
2015-03,FHV - Black Car,"5,338",-,"2,921","2,882","1,296",13.9,3.3,13.6,3.3,-,-,-
2015-03,FHV - High Volume,"72,889",-,"14,995","14,290","8,579",18.6,5.5,18.2,5.5,-,-,-
2015-03,FHV - Livery,"25,025",-,"4,275","4,087","3,052",23.2,5.6,23,5.4,-,-,-
2015-03,FHV - Lux Limo,"1,439",-,957,990,553,17.3,2.6,18.7,2.5,-,-,-
2015-03,Green,"55,567","793,672","7,254","6,221","4,835",24.1,6.7,21.5,6.5,13,45%,-
2015-03,Yellow,"430,669","6,076,181","31,610","13,584","13,030",29.7,14,22.3,8,16.8,63%,-
2015-02,FHV - Black Car,"6,213",-,"2,640","2,620","1,618",17.3,3.5,17.2,3.5,-,-,-
2015-02,FHV - High Volume,"77,796",-,"14,180","13,531","8,402",17.4,5.8,17.1,5.8,-,-,-
2015-02,FHV - Livery,"23,250",-,"4,227","3,971","2,901",20.5,5.4,20.2,5.2,-,-,-
2015-02,FHV - Lux Limo,"1,782",-,"1,037","1,034",620,16.8,2.8,17.2,2.7,-,-,-
2015-02,Green,"56,242","798,649","6,880","5,984","4,723",22.1,6.9,20,6.6,12.9,45%,-
2015-02,Yellow,"444,633","6,097,785","30,969","13,617","12,979",26.7,14.1,20.3,8.1,15.8,64%,-
2015-01,FHV - Black Car,"5,359",-,"2,737","2,725","1,469",16.7,3.3,16.7,3.3,-,-,-
2015-01,FHV - High Volume,"60,357",-,"13,153","12,544","7,265",18,5.4,17.6,5.3,-,-,-
2015-01,FHV - Livery,"20,740",-,"4,526","4,181","2,848",21.1,5.2,20.5,5,-,-,-
2015-01,FHV - Lux Limo,"1,310",-,886,856,462,16.8,2.8,16.6,2.7,-,-,-
2015-01,Green,"48,659","673,523","6,919","5,897","4,498",23.6,6.6,21,6.3,12.1,45%,-
2015-01,Yellow,"411,238","5,442,278","31,236","13,633","12,721",28.9,13.4,21.5,7.9,15,62%,-
2014-12,Green,"53,078","701,885","6,933","5,812","4,651",24.8,6.8,21.7,6.5,12.9,44%,-
2014-12,Yellow,"419,776","5,868,025","32,048","13,642","13,041",29.6,13.9,22.3,7.9,14,58%,-
2014-11,Green,"51,600","684,927","6,622","5,558","4,499",24.3,6.9,21.3,6.6,13,45%,-
2014-11,Yellow,"440,576","6,113,253","32,260","13,642","13,095",28.8,14.3,21.8,8,13.8,59%,-
2014-10,Green,"48,100","649,348","6,488","5,347","4,280",24.8,6.8,21.3,6.5,13.1,45%,-
2014-10,Yellow,"459,087","6,432,093","32,091","13,665","13,162",29.9,14.5,22.7,8.1,13.8,59%,-
2014-09,Green,"45,394","623,638","6,311","5,202","4,153",23.9,6.7,20.6,6.4,13.2,44%,-
2014-09,Yellow,"445,782","6,284,615","32,191","13,647","13,087",28.8,14.3,21.7,8.1,13.9,59%,-
2014-08,Green,"43,381","595,477","6,249","5,136","3,989",24.1,6.7,20.7,6.4,12.8,42%,-
2014-08,Yellow,"409,305","5,709,153","31,429","13,622","12,919",29.4,13.8,22.2,7.9,13.1,57%,-
2014-07,Green,"41,094","560,319","6,180","5,130","3,958",23.9,6.4,20.8,6.1,12.7,42%,-
2014-07,Yellow,"422,771","5,832,040","31,515","13,633","12,943",29.4,13.8,22.5,7.8,13,57%,-
2014-06,Green,"44,590","616,892","6,158","5,069","4,040",23.9,6.7,20.7,6.4,13.2,41%,-
2014-06,Yellow,"460,393","6,490,355","32,747","13,651","13,154",28.9,14.6,22,8,13.6,58%,-
2014-05,Green,"45,853","636,698","6,136","4,957","3,998",25,6.9,21.3,6.5,13.4,41%,-
2014-05,Yellow,"476,569","6,718,530","33,060","13,581","13,098",29.9,14.9,22.7,8.1,13.6,57%,-
2014-04,Green,"43,625","580,228","5,894","4,811","3,799",23.7,6.8,20.4,6.4,12.5,39%,-
2014-04,Yellow,"487,275","6,613,192","33,086","13,524","13,074",29,15,22,8.1,12.9,57%,-
2014-03,Green,"41,718","543,542","5,620","4,566","3,547",24.1,6.9,20.7,6.5,12.2,37%,-
2014-03,Yellow,"497,661","6,612,023","33,229","13,442","13,020",30,15.1,22.6,8.1,12.4,58%,-
2014-02,Green,"35,895","465,192","5,085","4,207","3,065",20.4,6.8,17.8,6.5,12.6,35%,-
2014-02,Yellow,"466,522","6,122,310","32,634","13,376","12,852",26.9,14.6,20.2,8,12.6,59%,-
2014-01,Green,"25,923","331,334","4,564","3,818","2,409",19.6,6.5,17.2,6.1,11.9,35%,-
2014-01,Yellow,"444,537","5,790,713","32,775","13,366","12,778",29.6,14.1,21.9,7.8,12.2,57%,-
2013-12,Green,"19,435","257,398","3,317","2,736","1,707",19.3,6.8,16.9,6.4,12.3,32%,-
2013-12,Yellow,"450,634","6,176,199","33,335","13,356","12,858",29.8,14.5,22.2,7.8,13.1,53%,-
2013-11,Green,"12,692","168,976","2,160","1,754","1,044",17.9,7.1,15.5,6.6,12.3,34%,-
2013-11,Yellow,"479,527","6,470,910","33,191","13,336","12,926",29.1,15,21.9,8,12.9,55%,-
2013-10,Green,"5,477","74,128","1,261","1,128",500,13.7,6.6,12.8,6.3,12.4,33%,-
2013-10,Yellow,"483,921","6,648,711","33,417","13,334","12,962",30.1,15,22.5,8.1,13.1,56%,-
2013-09,Green,"1,632","23,087",478,445,159,10.7,6.3,10.2,6.2,12.7,34%,-
2013-09,Yellow,"470,147","6,493,533","33,292","13,340","12,881",29,14.9,21.5,8,13.1,55%,-
2013-08,Green,283,"4,028",129,114,33,7.3,5.4,6.8,5.1,11.4,30%,-
2013-08,Yellow,"406,246","5,553,989","32,388","13,318","11,959",27.8,14.2,20.7,7.9,-,54%,-
2013-07,Yellow,"445,861","5,983,709","32,748","13,327","12,830",29.8,14.3,22.2,7.8,12.5,53%,-
2013-06,Yellow,"479,148","6,555,608","33,452","13,341","12,922",29.1,15,21.7,8,13,54%,-
2013-05,Yellow,"492,962","6,744,373","33,267","13,334","12,929",30.1,15.1,22.5,8.1,13,53%,-
2013-04,Yellow,"503,249","6,714,891","33,084","13,343","12,949",29.1,15.1,21.9,8.1,12.4,54%,-
2013-03,Yellow,"507,914","6,646,912","32,965","13,334","12,927",30.1,15,22.5,8.1,12,53%,-
2013-02,Yellow,"499,556","6,356,651","32,052","13,338","12,867",27,14.6,20.4,8.1,11.7,54%,-
2013-01,Yellow,"476,544","6,045,087","32,213","13,344","12,863",29.9,14.4,22.3,8,11.4,52%,-
2012-12,Yellow,"474,005","6,326,604","32,257","13,346","12,806",29.7,14.6,22.4,8,12.5,49%,-
2012-11,Yellow,"459,114","6,094,937","31,701","13,324","12,551",28.3,14.2,21.3,7.9,12.5,50%,-
2012-10,Yellow,"468,377","6,346,508","32,104","13,328","12,555",29.2,14.6,22,8.1,12.8,50%,-
2012-09,Yellow,"484,783","6,512,203","31,698","13,322","12,826",28.9,14.9,22,8.2,12.8,50%,-
2012-08,Yellow,"463,841","5,357,572","30,777","13,318","12,785",29.8,14.4,22.8,8.1,12.3,48%,-
2012-07,Yellow,"463,784","5,292,247","31,174","13,320","12,773",29.7,14.4,22.7,8.1,12.2,48%,-
2012-06,Yellow,"503,139","5,831,841","31,561","13,332","12,940",29.1,15.1,22.6,8.3,12.8,48%,-
2012-05,Yellow,"502,097","5,838,542","31,723","13,325","12,887",30,15.1,23,8.3,12.9,47%,-
2012-04,Yellow,"515,848","5,861,876","31,579","13,319","12,864",29,15.1,22.2,8.3,12.2,47%,-
2012-03,Yellow,"520,764","5,860,835","31,401","13,320","12,927",30.1,15.1,23.2,8.3,12,48%,-
2012-02,Yellow,"516,585","5,655,691","30,803","13,317","12,896",28.1,14.9,21.8,8.3,11.6,48%,-
2012-01,Yellow,"482,811","5,220,456","30,944","13,317","12,588",29.3,14.5,22.3,8.2,11.3,47%,-
2011-12,Yellow,"481,410","5,493,999","31,196","13,323","12,830",29.9,14.7,22.9,8.2,12.7,43%,-
2011-11,Yellow,"484,122","5,572,296","31,022","13,319","12,858",29,14.7,22.3,8.2,12.9,44%,-
2011-10,Yellow,"506,532","5,790,312","31,341","13,322","12,857",29.9,15,23,8.3,12.7,45%,-
2011-09,Yellow,"487,470","5,687,581","30,917","13,313","12,797",28.8,14.9,22.2,8.3,13.1,44%,-
2011-08,Yellow,"427,740","4,851,734","30,144","13,295","12,216",28.5,13.9,21.9,8,12.1,44%,-
2011-07,Yellow,"475,475","5,350,809","30,683","13,270","12,612",29.5,14.6,22.6,8.3,12.1,43%,-
2011-06,Yellow,"503,152","5,743,238","31,094","13,285","12,760",28.8,15.1,22.4,8.3,12.6,43%,-
2011-05,Yellow,"501,708","5,730,613","31,259","13,291","12,745",29.7,14.9,22.8,8.3,12.5,42%,-
2011-04,Yellow,"490,577","5,456,034","31,022","13,302","12,178",27.5,15.1,21.3,8.4,12.1,42%,-
2011-03,Yellow,"518,212","5,717,207","30,960","13,288","12,852",30,15,23.1,8.4,11.9,43%,-
2011-02,Yellow,"507,167","5,474,959","30,359","13,253","12,678",26.8,14.9,20.8,8.4,11.8,43%,-
2011-01,Yellow,"434,297","4,661,317","29,682","12,798","11,624",28.2,14.4,21.4,8.2,11.7,41%,-
2010-12,Yellow,"445,727","4,985,892","29,414","12,491","11,612",28.8,14.7,21.9,8.2,12.6,38%,-
2010-11,Yellow,"463,701","5,165,797","29,348","12,347","11,876",28.9,14.8,21.9,8.2,12.2,39%,-
2010-10,Yellow,"457,996","5,122,617","29,128","12,268","11,271",28.5,15.3,21.9,8.4,12.3,39%,-
2010-09,Yellow,"517,972","5,827,246","28,989","12,221","11,765",28.9,14.7,21.7,8.3,12.3,38%,-
2010-08,Yellow,"404,115","4,490,108","28,574","12,206","11,224",28.5,14.4,21.5,8.1,11.8,37%,-
2010-07,Yellow,"472,752","5,216,891","30,562","13,307","12,457",29,14.5,22.3,8.2,-,37%,-
2010-06,Yellow,"494,137","5,503,949","30,812","13,305","12,671",28.6,14.9,22.2,8.3,-,36%,-
2010-05,Yellow,"499,374","5,561,218","30,950","13,309","12,729",29.6,14.8,22.7,8.3,-,35%,-
2010-04,Yellow,"504,798","5,502,545","30,827","13,326","12,856",28.9,14.8,22.3,8.3,-,35%,-
2010-03,Yellow,"415,567","3,011,750","28,709","12,183","10,382",26.4,15.1,20.4,8.3,11.5,35%,-
2010-02,Yellow,"397,969","3,392,416","28,255","12,171","10,045",23.1,14.6,17.6,8.3,11.1,35%,-
2010-01,Yellow,"479,376","4,968,817","30,659","13,305","12,727",29.7,14.3,22.5,8.2,-,32%,-